[
  {
    "fields":{
        "name":"2017-2021",
        "start_date":"2017-10-28",
        "end_date":"2021-10-28",
        "created":"2017-11-11T17:41:28+00:00",
        "modified":"2017-11-11T17:41:28+00:00",
        "parliament_members": [
          1, 2, 3, 4, 5, 6, 7, 8, 9, 10,
          11, 12, 13, 14, 15, 16, 17, 18, 19, 20,
          21, 22, 23, 24, 25, 26, 27, 28, 29, 30,
          31, 32, 33, 34, 35, 36, 37, 38, 39, 40,
          41, 42, 43, 44, 45, 46, 47, 48, 49, 50,
          51, 52, 53, 54, 55, 56, 57, 58, 59, 60,
          61, 62, 63
        ]
    },
    "model":"parliament.parliament",
    "pk":1
  },
  {
    "fields":{
        "name":"2016-2017",
        "start_date":"2017-10-28",
        "end_date":"2021-10-28",
        "created":"2017-11-11T17:41:28+00:00",
        "modified":"2017-11-11T17:41:28+00:00"
    },
    "model":"parliament.parliament",
    "pk":2
  },
  {
    "fields":{
        "name":"148",
        "session_number":"148",
        "parliament":1,
        "created":"2017-11-13T17:41:28+00:00",
        "modified":"2017-11-13T17:41:28+00:00"
    },
    "model":"parliament.parliamentsession",
    "pk":3
  },
  {
    "fields":{
        "name":"146",
        "session_number":"146",
        "parliament":2,
        "created":"2017-11-11T17:41:28+00:00",
        "modified":"2017-11-11T17:41:28+00:00"
    },
    "model":"parliament.parliamentsession",
    "pk":1
  },
  {
    "fields":{
        "name":"147",
        "session_number":"147",
        "parliament":2,
        "created":"2017-11-12T17:41:28+00:00",
        "modified":"2017-11-12T17:41:28+00:00"
    },
    "model":"parliament.parliamentsession",
    "pk":2
  },
  {
    "fields":{
        "name":"Sjálfstæðisflokkur",
        "created":"2017-11-11T17:41:28+00:00",
        "modified":"2017-11-11T17:41:28+00:00",
        "website":"http://xd.is/"
    },
    "model":"party.party",
    "pk":1
  },
  {
    "fields":{
        "name":"Framsóknarflokkurinn",
        "created":"2017-11-11T17:41:28+00:00",
        "modified":"2017-11-11T17:41:28+00:00",
        "website":"https://framsokn.is/"
    },
    "model":"party.party",
    "pk":2
  },
  {
    "fields":{
        "name":"Vinstri Hreyfingin - Grænt Framboð",
        "created":"2017-11-11T17:41:28+00:00",
        "modified":"2017-11-11T17:41:28+00:00",
        "website":"http://vg.is/"
    },
    "model":"party.party",
    "pk":3
  },
  {
    "fields":{
        "name":"Miðflokkurinn",
        "created":"2017-11-11T17:41:28+00:00",
        "modified":"2017-11-11T17:41:28+00:00",
        "website":"http://www.bjortframtid.is/"
    },
    "model":"party.party",
    "pk":4
  },
  {
    "fields":{
        "name":"Píratar",
        "created":"2017-11-11T17:41:28+00:00",
        "modified":"2017-11-11T17:41:28+00:00",
        "website":"https://piratar.is/"
    },
    "model":"party.party",
    "pk":5
  },
  {
    "fields":{
        "name":"Samfylkingin",
        "created":"2017-11-11T17:41:28+00:00",
        "modified":"2017-11-11T17:41:28+00:00",
        "website":"http://xs.is/"
    },
    "model":"party.party",
    "pk":6
  },
  {
    "fields":{
        "name":"Viðreisn",
        "created":"2017-11-11T17:41:28+00:00",
        "modified":"2017-11-11T17:41:28+00:00",
        "website":"https://www.vidreisn.is/"
    },
    "model":"party.party",
    "pk":7
  },
  {
    "fields":{
        "name":"Flokkur fólksins",
        "created":"2017-11-11T17:41:28+00:00",
        "modified":"2017-11-11T17:41:28+00:00",
        "website":"https://www.vidreisn.is/"
    },
    "model":"party.party",
    "pk":7
  },
  {
    "fields":{
        "name":"Reykjavik Norður",
        "abbreviation":"Reykv. N.",
        "created":"2017-11-11T17:41:28+00:00",
        "modified":"2017-11-11T17:41:28+00:00"
    },
    "model":"district.district",
    "pk":1
  },
  {
    "fields":{
        "name":"Suðurkjördæmi",
        "abbreviation":"Suðurk",
        "created":"2017-11-11T17:41:28+00:00",
        "modified":"2017-11-11T17:41:28+00:00"
    },
    "model":"district.district",
    "pk":2
  },
  {
    "fields":{
        "name":"Reykjavík Suður",
        "abbreviation":"Reykv. S.",
        "created":"2017-11-11T17:41:28+00:00",
        "modified":"2017-11-11T17:41:28+00:00"
    },
    "model":"district.district",
    "pk":3
  },
  {
    "fields":{
        "name":"Suðvesturkjördæmi",
        "abbreviation":"Suðvest.",
        "created":"2017-11-11T17:41:28+00:00",
        "modified":"2017-11-11T17:41:28+00:00"
    },
    "model":"district.district",
    "pk":4
  },
  {
    "fields":{
        "name":"Norðausturkjördæmi",
        "abbreviation":"Norðaust.",
        "created":"2017-11-11T17:41:28+00:00",
        "modified":"2017-11-11T17:41:28+00:00"
    },
    "model":"district.district",
    "pk":5
  },
  {
    "fields":{
        "name":"Norðvesturkjördæmi",
        "abbreviation":"Norðvest.",
        "created":"2017-11-11T17:41:28+00:00",
        "modified":"2017-11-11T17:41:28+00:00"
    },
    "model":"district.district",
    "pk":6
  },
  {
    "fields":{
        "name":"Albertína Friðbjörg Elías­dóttir ",
        "party":6,
        "initials":"AFE",
        "district":5,
        "districtNumber":10,
        "created":"2017-11-11T17:41:28+00:00",
        "modified":"2017-11-11T17:41:28+00:00"
    },
    "model":"politicians.Politician",
    "pk":1
  },
  {
    "fields":{},
    "model":"parliament.ParliamentMember",
    "pk":1
  },
  {
    "fields":{
        "name":"Andrés Ingi Jónsson",
        "party":3,
        "initials":"AIJ",
        "district":1,
        "districtNumber":9,
        "created":"2017-11-11T17:41:28+00:00",
        "modified":"2017-11-11T17:41:28+00:00"
    },
    "model":"politicians.Politician",
    "pk":2
  },
  {
    "fields":{},
    "model":"parliament.ParliamentMember",
    "pk":2
  },
  {
    "fields":{
        "name":"Anna Kolbrún Árna­dóttir ",
        "party":4,
        "initials":"AKÁ",
        "district":5,
        "districtNumber":8,
        "created":"2017-11-11T17:41:28+00:00",
        "modified":"2017-11-11T17:41:28+00:00"
    },
    "model":"politicians.Politician",
    "pk":3
  },
  {
    "fields":{},
    "model":"parliament.ParliamentMember",
    "pk":3
  },
  {
    "fields":{
        "name":"Ari Trausti Guðmundsson",
        "party":3,
        "initials":"ATG",
        "district":2,
        "districtNumber":5,
        "created":"2017-11-11T17:41:28+00:00",
        "modified":"2017-11-11T17:41:28+00:00"
    },
    "model":"politicians.Politician",
    "pk":4
  },
  {
    "fields":{},
    "model":"parliament.ParliamentMember",
    "pk":4
  },
  {
    "fields":{
        "name":"Ágúst Ólafur Ágústs­son",
        "party":6,
        "initials":"ÁÓÁ",
        "district":3,
        "districtNumber":3,
        "created":"2017-11-11T17:41:28+00:00",
        "modified":"2017-11-11T17:41:28+00:00"
    },
    "model":"politicians.Politician",
    "pk":5
  },
  {
    "fields":{},
    "model":"parliament.ParliamentMember",
    "pk":5
  },
  {
    "fields":{
        "name":"Áslaug Arna Sigurbjörnsdóttir",
        "party":1,
        "initials":"ÁslS",
        "district":2,
        "districtNumber":5,
        "created":"2017-11-11T17:41:28+00:00",
        "modified":"2017-11-11T17:41:28+00:00"
    },
    "model":"politicians.Politician",
    "pk":6
  },
  {
    "fields":{},
    "model":"parliament.ParliamentMember",
    "pk":6
  },
  {
    "fields":{
        "name":"Ásmundur Einar Daða­son ",
        "party":2,
        "initials":"ÁsmD",
        "district":6,
        "districtNumber":2,
        "created":"2017-11-11T17:41:28+00:00",
        "modified":"2017-11-11T17:41:28+00:00"
    },
    "model":"politicians.Politician",
    "pk":7
  },
  {
    "fields":{},
    "model":"parliament.ParliamentMember",
    "pk":7
  },
  {
    "fields":{
        "name":"Ásmundur Friðriksson",
        "party":1,
        "initials":"ÁsF",
        "district":2,
        "districtNumber":4,
        "created":"2017-11-11T17:41:28+00:00",
        "modified":"2017-11-11T17:41:28+00:00"
    },
    "model":"politicians.Politician",
    "pk":8
  },
  {
    "fields":{},
    "model":"parliament.ParliamentMember",
    "pk":8
  },
  {
    "fields":{
        "name":"Bergþór Óla­son",
        "party":4,
        "initials":"BergÓ",
        "district":6,
        "districtNumber":4,
        "created":"2017-11-11T17:41:28+00:00",
        "modified":"2017-11-11T17:41:28+00:00"
    },
    "model":"politicians.Politician",
    "pk":9
  },
  {
    "fields":{},
    "model":"parliament.ParliamentMember",
    "pk":9
  },
  {
    "fields":{
        "name":"Birgir Ármannsson",
        "party":1,
        "initials":"BÁ",
        "district":1,
        "districtNumber":8,
        "created":"2017-11-11T17:41:28+00:00",
        "modified":"2017-11-11T17:41:28+00:00"
    },
    "model":"politicians.Politician",
    "pk":10
  },
  {
    "fields":{},
    "model":"parliament.ParliamentMember",
    "pk":10
  },
  {
    "fields":{
        "name":"Birgir Þórarins­son",
        "party":4,
        "initials":"BirgÞ",
        "district":2,
        "districtNumber":3,
        "created":"2017-11-11T17:41:28+00:00",
        "modified":"2017-11-11T17:41:28+00:00"
    },
    "model":"politicians.Politician",
    "pk":11
  },
  {
    "fields":{},
    "model":"parliament.ParliamentMember",
    "pk":11
  },
  {
    "fields":{
        "name":"Bjarkey Olsen Gunnarsdóttir",
        "party":3,
        "initials":"BjG",
        "district":5,
        "districtNumber":7,
        "created":"2017-11-11T17:41:28+00:00",
        "modified":"2017-11-11T17:41:28+00:00"
    },
    "model":"politicians.Politician",
    "pk":12
  },
  {
    "fields":{},
    "model":"parliament.ParliamentMember",
    "pk":12
  },
  {
    "fields":{
        "name":"Bjarni Benediktsson",
        "party":1,
        "initials":"BjarnB",
        "district":4,
        "districtNumber":1,
        "created":"2017-11-11T17:41:28+00:00",
        "modified":"2017-11-11T17:41:28+00:00"
    },
    "model":"politicians.Politician",
    "pk":13
  },
  {
    "fields":{},
    "model":"parliament.ParliamentMember",
    "pk":13
  },
  {
    "fields":{
        "name":"Björn Leví Gunnarsson",
        "party":5,
        "initials":"BLG",
        "district":3,
        "districtNumber":11,
        "created":"2017-11-11T17:41:28+00:00",
        "modified":"2017-11-11T17:41:28+00:00"
    },
    "model":"politicians.Politician",
    "pk":14
  },
  {
    "fields":{},
    "model":"parliament.ParliamentMember",
    "pk":14
  },
  {
    "fields":{
        "name":"Bryndís Haraldsdóttir",
        "party":1,
        "initials":"BHar",
        "district":4,
        "districtNumber":2,
        "created":"2017-11-11T17:41:28+00:00",
        "modified":"2017-11-11T17:41:28+00:00"
    },
    "model":"politicians.Politician",
    "pk":15
  },
  {
    "fields":{},
    "model":"parliament.ParliamentMember",
    "pk":15
  },
  {
    "fields":{
        "name":"Brynjar Níelsson",
        "party":1,
        "initials":"BN",
        "district":3,
        "districtNumber":5,
        "created":"2017-11-11T17:41:28+00:00",
        "modified":"2017-11-11T17:41:28+00:00"
    },
    "model":"politicians.Politician",
    "pk":16
  },
  {
    "fields":{},
    "model":"parliament.ParliamentMember",
    "pk":16
  },
  {
    "fields":{
        "name":"Guðjón S. Brjáns­son",
        "party":6,
        "initials":"GBr",
        "district":6,
        "districtNumber":6,
        "created":"2017-11-11T17:41:28+00:00",
        "modified":"2017-11-11T17:41:28+00:00"
    },
    "model":"politicians.Politician",
    "pk":17
  },
  {
    "fields":{},
    "model":"parliament.ParliamentMember",
    "pk":17
  },
  {
    "fields":{
        "name":"Guðlaugur Þór Þórðarson",
        "party":1,
        "initials":"GÞÞ",
        "district":1,
        "districtNumber":1,
        "created":"2017-11-11T17:41:28+00:00",
        "modified":"2017-11-11T17:41:28+00:00"
    },
    "model":"politicians.Politician",
    "pk":18
  },
  {
    "fields":{},
    "model":"parliament.ParliamentMember",
    "pk":18
  },
  {
    "fields":{
        "name":"Guðmundur Andri Thors­son",
        "party":6,
        "initials":"GuðmT",
        "district":4,
        "districtNumber":4,
        "created":"2017-11-11T17:41:28+00:00",
        "modified":"2017-11-11T17:41:28+00:00"
    },
    "model":"politicians.Politician",
    "pk":19
  },
  {
    "fields":{},
    "model":"parliament.ParliamentMember",
    "pk":19
  },
  {
    "fields":{
        "name":"Guðmundur Ingi Kristins­son ",
        "party":7,
        "initials":"GIK",
        "district":4,
        "districtNumber":12,
        "created":"2017-11-11T17:41:28+00:00",
        "modified":"2017-11-11T17:41:28+00:00"
    },
    "model":"politicians.Politician",
    "pk":20
  },
  {
    "fields":{},
    "model":"parliament.ParliamentMember",
    "pk":20
  },
  {
    "fields":{
        "name":"Gunnar Bragi Sveinsson",
        "party":4,
        "initials":"GBS",
        "district":4,
        "districtNumber":6,
        "created":"2017-11-11T17:41:28+00:00",
        "modified":"2017-11-11T17:41:28+00:00"
    },
    "model":"politicians.Politician",
    "pk":21
  },
  {
    "fields":{},
    "model":"parliament.ParliamentMember",
    "pk":21
  },
  {
    "fields":{
        "name":"Halla Signý Kristjáns­dóttir ",
        "party":2,
        "initials":"HSK",
        "district":6,
        "districtNumber":7,
        "created":"2017-11-11T17:41:28+00:00",
        "modified":"2017-11-11T17:41:28+00:00"
    },
    "model":"politicians.Politician",
    "pk":22
  },
  {
    "fields":{},
    "model":"parliament.ParliamentMember",
    "pk":22
  },
  {
    "fields":{
        "name":"Halldóra Mogensen",
        "party":5,
        "initials":"HallM",
        "district":1,
        "districtNumber":11,
        "created":"2017-11-11T17:41:28+00:00",
        "modified":"2017-11-11T17:41:28+00:00"
    },
    "model":"politicians.Politician",
    "pk":23
  },
  {
    "fields":{},
    "model":"parliament.ParliamentMember",
    "pk":23
  },
  {
    "fields":{
        "name":"Hanna Katrín Friðriksson",
        "party":7,
        "initials":"HKF",
        "district":3,
        "districtNumber":7,
        "created":"2017-11-11T17:41:28+00:00",
        "modified":"2017-11-11T17:41:28+00:00"
    },
    "model":"politicians.Politician",
    "pk":24
  },
  {
    "fields":{},
    "model":"parliament.ParliamentMember",
    "pk":24
  },
  {
    "fields":{
        "name":"Haraldur Benediktsson",
        "party":1,
        "initials":"HarB",
        "district":6,
        "districtNumber":1,
        "created":"2017-11-11T17:41:28+00:00",
        "modified":"2017-11-11T17:41:28+00:00"
    },
    "model":"politicians.Politician",
    "pk":25
  },
  {
    "fields":{},
    "model":"parliament.ParliamentMember",
    "pk":25
  },
  {
    "fields":{
        "name":"Helga Vala Helga­dóttir",
        "party":6,
        "initials":"HVH",
        "district":1,
        "districtNumber":4,
        "created":"2017-11-11T17:41:28+00:00",
        "modified":"2017-11-11T17:41:28+00:00"
    },
    "model":"politicians.Politician",
    "pk":26
  },
  {
    "fields":{},
    "model":"parliament.ParliamentMember",
    "pk":26
  },
  {
    "fields":{
        "name":"Helgi Hrafn Gunnars­son",
        "party":5,
        "initials":"HHG",
        "district":1,
        "districtNumber":3,
        "created":"2017-11-11T17:41:28+00:00",
        "modified":"2017-11-11T17:41:28+00:00"
    },
    "model":"politicians.Politician",
    "pk":27
  },
  {
    "fields":{},
    "model":"parliament.ParliamentMember",
    "pk":27
  },
  {
    "fields":{
        "name":"Inga Sæland",
        "party":7,
        "initials":"IngS",
        "district":3,
        "districtNumber":8,
        "created":"2017-11-11T17:41:28+00:00",
        "modified":"2017-11-11T17:41:28+00:00"
    },
    "model":"politicians.Politician",
    "pk":28
  },
  {
    "fields":{},
    "model":"parliament.ParliamentMember",
    "pk":28
  },
  {
    "fields":{
        "name":"Jón Gunnarsson",
        "party":1,
        "initials":"JónG",
        "district":4,
        "districtNumber":5,
        "created":"2017-11-11T17:41:28+00:00",
        "modified":"2017-11-11T17:41:28+00:00"
    },
    "model":"politicians.Politician",
    "pk":29
  },
  {
    "fields":{},
    "model":"parliament.ParliamentMember",
    "pk":29
  },
  {
    "fields":{
        "name":"Jón Steindór Valdimars­son ",
        "party":7,
        "initials":"JSV",
        "district":4,
        "districtNumber":13,
        "created":"2017-11-11T17:41:28+00:00",
        "modified":"2017-11-11T17:41:28+00:00"
    },
    "model":"politicians.Politician",
    "pk":30
  },
  {
    "fields":{},
    "model":"parliament.ParliamentMember",
    "pk":30
  },
  {
    "fields":{
        "name":"Jón Þór Ólafsson",
        "party":5,
        "initials":"JÞÓ",
        "district":4,
        "districtNumber":8,
        "created":"2017-11-11T17:41:28+00:00",
        "modified":"2017-11-11T17:41:28+00:00"
    },
    "model":"politicians.Politician",
    "pk":31
  },
  {
    "fields":{},
    "model":"parliament.ParliamentMember",
    "pk":31
  },
  {
    "fields":{
        "name":"Karl Gauti Hjalta­son",
        "party":7,
        "initials":"KGH",
        "district":2,
        "districtNumber":8,
        "created":"2017-11-11T17:41:28+00:00",
        "modified":"2017-11-11T17:41:28+00:00"
    },
    "model":"politicians.Politician",
    "pk":32
  },
  {
    "fields":{},
    "model":"parliament.ParliamentMember",
    "pk":32
  },
  {
    "fields":{
        "name":"Katrín Jakobsdóttir",
        "party":3,
        "initials":"KJak",
        "district":1,
        "districtNumber":2,
        "created":"2017-11-11T17:41:28+00:00",
        "modified":"2017-11-11T17:41:28+00:00"
    },
    "model":"politicians.Politician",
    "pk":33
  },
  {
    "fields":{},
    "model":"parliament.ParliamentMember",
    "pk":33
  },
  {
    "fields":{
        "name":"Kolbeinn Óttarsson Proppé",
        "party":3,
        "initials":"KÓP",
        "district":3,
        "districtNumber":6,
        "created":"2017-11-11T17:41:28+00:00",
        "modified":"2017-11-11T17:41:28+00:00"
    },
    "model":"politicians.Politician",
    "pk":34
  },
  {
    "fields":{},
    "model":"parliament.ParliamentMember",
    "pk":34
  },
  {
    "fields":{
        "name":"Kristján Þór Júlíusson",
        "party":1,
        "initials":"KÞJ",
        "district":5,
        "districtNumber":1,
        "created":"2017-11-11T17:41:28+00:00",
        "modified":"2017-11-11T17:41:28+00:00"
    },
    "model":"politicians.Politician",
    "pk":35
  },
  {
    "fields":{},
    "model":"parliament.ParliamentMember",
    "pk":35
  },
  {
    "fields":{
        "name":"Lilja Alfreðsdóttir",
        "party":2,
        "initials":"LA",
        "district":3,
        "districtNumber":9,
        "created":"2017-11-11T17:41:28+00:00",
        "modified":"2017-11-11T17:41:28+00:00"
    },
    "model":"politicians.Politician",
    "pk":36
  },
  {
    "fields":{},
    "model":"parliament.ParliamentMember",
    "pk":36
  },
  {
    "fields":{
        "name":"Lilja Rafney Magnúsdóttir",
        "party":3,
        "initials":"LRM",
        "district":6,
        "districtNumber":3,
        "created":"2017-11-11T17:41:28+00:00",
        "modified":"2017-11-11T17:41:28+00:00"
    },
    "model":"politicians.Politician",
    "pk":37
  },
  {
    "fields":{},
    "model":"parliament.ParliamentMember",
    "pk":37
  },
  {
    "fields":{
        "name":"Líneik Anna Sævars­dóttir ",
        "party":2,
        "initials":"LínS",
        "district":5,
        "districtNumber":9,
        "created":"2017-11-11T17:41:28+00:00",
        "modified":"2017-11-11T17:41:28+00:00"
    },
    "model":"politicians.Politician",
    "pk":38
  },
  {
    "fields":{},
    "model":"parliament.ParliamentMember",
    "pk":38
  },
  {
    "fields":{
        "name":"Logi Einarsson",
        "party":6,
        "initials":"LE",
        "district":5,
        "districtNumber":5,
        "created":"2017-11-11T17:41:28+00:00",
        "modified":"2017-11-11T17:41:28+00:00"
    },
    "model":"politicians.Politician",
    "pk":39
  },
  {
    "fields":{},
    "model":"parliament.ParliamentMember",
    "pk":39
  },
  {
    "fields":{
        "name":"Njáll Trausti Friðbertsson",
        "party":1,
        "initials":"NF",
        "district":5,
        "districtNumber":6,
        "created":"2017-11-11T17:41:28+00:00",
        "modified":"2017-11-11T17:41:28+00:00"
    },
    "model":"politicians.Politician",
    "pk":40
  },
  {
    "fields":{},
    "model":"parliament.ParliamentMember",
    "pk":40
  },
  {
    "fields":{
        "name":"Oddný G. Harðardóttir",
        "party":6,
        "initials":"OH",
        "district":2,
        "districtNumber":6,
        "created":"2017-11-11T17:41:28+00:00",
        "modified":"2017-11-11T17:41:28+00:00"
    },
    "model":"politicians.Politician",
    "pk":41
  },
  {
    "fields":{},
    "model":"parliament.ParliamentMember",
    "pk":41
  },
  {
    "fields":{
        "name":"Ólafur Ísleifs­son",
        "party":7,
        "initials":"ÓÍ",
        "district":1,
        "districtNumber":10,
        "created":"2017-11-11T17:41:28+00:00",
        "modified":"2017-11-11T17:41:28+00:00"
    },
    "model":"politicians.Politician",
    "pk":42
  },
  {
    "fields":{},
    "model":"parliament.ParliamentMember",
    "pk":42
  },
  {
    "fields":{
        "name":"Ólafur Þór Gunnars­son",
        "party":3,
        "initials":"ÓGunn",
        "district":4,
        "districtNumber":11,
        "created":"2017-11-11T17:41:28+00:00",
        "modified":"2017-11-11T17:41:28+00:00"
    },
    "model":"politicians.Politician",
    "pk":43
  },
  {
    "fields":{},
    "model":"parliament.ParliamentMember",
    "pk":43
  },
  {
    "fields":{
        "name":"Óli Björn Kárason",
        "party":1,
        "initials":"ÓBK",
        "district":4,
        "districtNumber":10,
        "created":"2017-11-11T17:41:28+00:00",
        "modified":"2017-11-11T17:41:28+00:00"
    },
    "model":"politicians.Politician",
    "pk":44
  },
  {
    "fields":{},
    "model":"parliament.ParliamentMember",
    "pk":44
  },
  {
    "fields":{
        "name":"Páll Magnússon",
        "party":1,
        "initials":"PállM",
        "district":2,
        "districtNumber":1,
        "created":"2017-11-11T17:41:28+00:00",
        "modified":"2017-11-11T17:41:28+00:00"
    },
    "model":"politicians.Politician",
    "pk":45
  },
  {
    "fields":{},
    "model":"parliament.ParliamentMember",
    "pk":45
  },
  {
    "fields":{
        "name":"Rósa Björk Brynjólfsdóttir",
        "party":3,
        "initials":"RBB",
        "district":4,
        "districtNumber":3,
        "created":"2017-11-11T17:41:28+00:00",
        "modified":"2017-11-11T17:41:28+00:00"
    },
    "model":"politicians.Politician",
    "pk":46
  },
  {
    "fields":{},
    "model":"parliament.ParliamentMember",
    "pk":46
  },
  {
    "fields":{
        "name":"Sigmundur Davíð Gunnlaugsson",
        "party":4,
        "initials":"SDG",
        "district":5,
        "districtNumber":3,
        "created":"2017-11-11T17:41:28+00:00",
        "modified":"2017-11-11T17:41:28+00:00"
    },
    "model":"politicians.Politician",
    "pk":47
  },
  {
    "fields":{},
    "model":"parliament.ParliamentMember",
    "pk":47
  },
  {
    "fields":{
        "name":"Sigríður Á. Andersen",
        "party":1,
        "initials":"SÁA",
        "district":3,
        "districtNumber":1,
        "created":"2017-11-11T17:41:28+00:00",
        "modified":"2017-11-11T17:41:28+00:00"
    },
    "model":"politicians.Politician",
    "pk":48
  },
  {
    "fields":{},
    "model":"parliament.ParliamentMember",
    "pk":48
  },
  {
    "fields":{
        "name":"Sigurður Ingi Jóhannsson",
        "party":2,
        "initials":"SIJ",
        "district":2,
        "districtNumber":2,
        "created":"2017-11-11T17:41:28+00:00",
        "modified":"2017-11-11T17:41:28+00:00"
    },
    "model":"politicians.Politician",
    "pk":49
  },
  {
    "fields":{},
    "model":"parliament.ParliamentMember",
    "pk":49
  },
  {
    "fields":{
        "name":"Sigurður Páll Jóns­son",
        "party":4,
        "initials":"SPJ",
        "district":6,
        "districtNumber":8,
        "created":"2017-11-11T17:41:28+00:00",
        "modified":"2017-11-11T17:41:28+00:00"
    },
    "model":"politicians.Politician",
    "pk":50
  },
  {
    "fields":{},
    "model":"parliament.ParliamentMember",
    "pk":50
  },
  {
    "fields":{
        "name":"Silja Dögg Gunnarsdóttir",
        "party":2,
        "initials":"SilG",
        "district":2,
        "districtNumber":10,
        "created":"2017-11-11T17:41:28+00:00",
        "modified":"2017-11-11T17:41:28+00:00"
    },
    "model":"politicians.Politician",
    "pk":51
  },
  {
    "fields":{},
    "model":"parliament.ParliamentMember",
    "pk":51
  },
  {
    "fields":{
        "name":"Smári McCarthy",
        "party":5,
        "initials":"SMc",
        "district":2,
        "districtNumber":10,
        "created":"2017-11-11T17:41:28+00:00",
        "modified":"2017-11-11T17:41:28+00:00"
    },
    "model":"politicians.Politician",
    "pk":52
  },
  {
    "fields":{},
    "model":"parliament.ParliamentMember",
    "pk":52
  },
  {
    "fields":{
        "name":"Steingrímur J. Sigfússon",
        "party":3,
        "initials":"SJS",
        "district":5,
        "districtNumber":2,
        "created":"2017-11-11T17:41:28+00:00",
        "modified":"2017-11-11T17:41:28+00:00"
    },
    "model":"politicians.Politician",
    "pk":53
  },
  {
    "fields":{},
    "model":"parliament.ParliamentMember",
    "pk":53
  },
  {
    "fields":{
        "name":"Steinunn Þóra Árnadóttir",
        "party":3,
        "initials":"SÞÁ",
        "district":1,
        "districtNumber":6,
        "created":"2017-11-11T17:41:28+00:00",
        "modified":"2017-11-11T17:41:28+00:00"
    },
    "model":"politicians.Politician",
    "pk":54
  },
  {
    "fields":{},
    "model":"parliament.ParliamentMember",
    "pk":54
  },
  {
    "fields":{
        "name":"Svandís Svavarsdóttir",
        "party":3,
        "initials":"SSv",
        "district":3,
        "districtNumber":2,
        "created":"2017-11-11T17:41:28+00:00",
        "modified":"2017-11-11T17:41:28+00:00"
    },
    "model":"politicians.Politician",
    "pk":55
  },
  {
    "fields":{},
    "model":"parliament.ParliamentMember",
    "pk":55
  },
  {
    "fields":{
        "name":"Vilhjálmur Árnasson",
        "party":1,
        "initials":"VilÁ",
        "district":2,
        "districtNumber":9,
        "created":"2017-11-11T17:41:28+00:00",
        "modified":"2017-11-11T17:41:28+00:00"
    },
    "model":"politicians.Politician",
    "pk":56
  },
  {
    "fields":{},
    "model":"parliament.ParliamentMember",
    "pk":56
  },
  {
    "fields":{
        "name":"Willum Þór Þórs­son",
        "party":2,
        "initials":"WÞÞ",
        "district":4,
        "districtNumber":9,
        "created":"2017-11-11T17:41:28+00:00",
        "modified":"2017-11-11T17:41:28+00:00"
    },
    "model":"politicians.Politician",
    "pk":57
  },
  {
    "fields":{},
    "model":"parliament.ParliamentMember",
    "pk":57
  },
  {
    "fields":{
        "name":"Þorgerður K. Gunnarsdóttir",
        "party":7,
        "initials":"ÞKG",
        "district":4,
        "districtNumber":7,
        "created":"2017-11-11T17:41:28+00:00",
        "modified":"2017-11-11T17:41:28+00:00"
    },
    "model":"politicians.Politician",
    "pk":58
  },
  {
    "fields":{},
    "model":"parliament.ParliamentMember",
    "pk":58
  },
  {
    "fields":{
        "name":"Þorsteinn Sæmundsson",
        "party":4,
        "initials":"ÞorS",
        "district":3,
        "districtNumber":10,
        "created":"2017-11-11T17:41:28+00:00",
        "modified":"2017-11-11T17:41:28+00:00"
    },
    "model":"politicians.Politician",
    "pk":59
  },
  {
    "fields":{},
    "model":"parliament.ParliamentMember",
    "pk":59
  },
  {
    "fields":{
        "name":"Þorsteinn Víglundsson",
        "party":7,
        "initials":"ÞorstV",
        "district":1,
        "districtNumber":7,
        "created":"2017-11-11T17:41:28+00:00",
        "modified":"2017-11-11T17:41:28+00:00"
    },
    "model":"politicians.Politician",
    "pk":60
  },
  {
    "fields":{},
    "model":"parliament.ParliamentMember",
    "pk":60
  },
  {
    "fields":{
        "name":"Þórdís Kolbrun R. Gylfadóttir",
        "party":1,
        "initials":"ÞórdG",
        "district":6,
        "districtNumber":5,
        "created":"2017-11-11T17:41:28+00:00",
        "modified":"2017-11-11T17:41:28+00:00"
    },
    "model":"politicians.Politician",
    "pk":61
  },
  {
    "fields":{},
    "model":"parliament.ParliamentMember",
    "pk":61
  },
  {
    "fields":{
        "name":"Þórhildur Sunna Ævarsdóttir",
        "party":5,
        "initials":"ÞSÆ",
        "district":3,
        "districtNumber":4,
        "created":"2017-11-11T17:41:28+00:00",
        "modified":"2017-11-11T17:41:28+00:00"
    },
    "model":"politicians.Politician",
    "pk":62
  },
  {
    "fields":{},
    "model":"parliament.ParliamentMember",
    "pk":62
  },
  {
    "fields":{
        "name":"Þórunn Egilsdóttir",
        "party":2,
        "initials":"ÞórE",
        "district":5,
        "districtNumber":4,
        "created":"2017-11-11T17:41:28+00:00",
        "modified":"2017-11-11T17:41:28+00:00"
    },
    "model":"politicians.Politician",
    "pk":63
  },
  {
    "fields":{},
    "model":"parliament.ParliamentMember",
    "pk":63
  },
  {
    "fields": {
      "althingi_status": "",
      "status": "Unknown"
    },
    "model": "case_gather.AlthingiStatusToStatusMapper",
    "pk": 1
  },
  {
    "fields": {
      "althingi_status": "Samþykkt sem lög frá Alþingi.",
      "status": "Passed"
    },
    "model": "case_gather.AlthingiStatusToStatusMapper",
    "pk": 2
  },
  {
    "fields": {
      "althingi_status": "Í nefnd eftir 1. umræðu.",
      "status": "In progess"
    },
    "model": "case_gather.AlthingiStatusToStatusMapper",
    "pk": 3
  },
  {
    "fields": {
      "althingi_status": "Bíður 1. umræðu.",
      "status": "In progess"
    },
    "model": "case_gather.AlthingiStatusToStatusMapper",
    "pk": 4
  },
  {
    "fields": {
      "althingi_status": "Bíður 2. umræðu.",
      "status": "In progess"
    },
    "model": "case_gather.AlthingiStatusToStatusMapper",
    "pk": 5
  },
  {
    "fields": {
      "althingi_status": "Vísað til ríkisstjórnar.",
      "status": "In progess"
    },
    "model": "case_gather.AlthingiStatusToStatusMapper",
    "pk": 6
  },
  {
    "fields": {
      "althingi_status": "Fyrirspurnin var felld niður vegna ráðherraskipta.",
      "status": "Rejected"
    },
    "model": "case_gather.AlthingiStatusToStatusMapper",
    "pk": 7
  },
  {
    "fields": {
      "althingi_status": "Fyrirspurninni var svarað skriflega.",
      "status": "Answered"
    },
    "model": "case_gather.AlthingiStatusToStatusMapper",
    "pk": 7
  },
  {
    "fields": {
      "althingi_status": "Fyrirspurninni var svarað munnlega.",
      "status": "Answered"
    },
    "model": "case_gather.AlthingiStatusToStatusMapper",
    "pk": 8
  },
  {
    "fields": {
      "althingi_status": "Fyrirspurninni hefur ekki verið svarað.",
      "status": "Has not been answered"
    },
    "model": "case_gather.AlthingiStatusToStatusMapper",
    "pk": 9
  },
  {
    "fields": {
      "althingi_status": "Fyrirspurnin var kölluð aftur.",
      "status": "Withdrawn"
    },
    "model": "case_gather.AlthingiStatusToStatusMapper",
    "pk": 10
  }
]
